month,direction,metric,weekpart,season,sum_flow,sample_count
Apr,All directions,art3,All weeks,Autumn,30811.0,38
Apr,All directions,art4,All weeks,Autumn,23237.0,38
Apr,All directions,art5,All weeks,Autumn,8993.0,38
Apr,All directions,art6,All weeks,Autumn,47408.0,38
Apr,All directions,bd,All weeks,Autumn,9098.0,38
Apr,All directions,drt,All weeks,Autumn,47.0,38
Apr,All directions,sv,All weeks,Autumn,15745913.0,38
Apr,All directions,svt,All weeks,Autumn,169184.0,38
Apr,All directions,t4,All weeks,Autumn,26225.0,38
Apr,All directions,tb2,All weeks,Autumn,1208227.0,38
Apr,All directions,tb3,All weeks,Autumn,62091.0,38
Apr,All directions,total_flow,All weeks,Autumn,17332168.0,38
Apr,All directions,trt,All weeks,Autumn,0.0,38
Apr,All directions,ucv,All weeks,Autumn,934.0,38
Apr,Eastbound Centre Lane,art3,All weeks,Autumn,10978.0,38
Apr,Eastbound Centre Lane,art4,All weeks,Autumn,8278.0,38
Apr,Eastbound Centre Lane,art5,All weeks,Autumn,3995.0,38
Apr,Eastbound Centre Lane,art6,All weeks,Autumn,23881.0,38
Apr,Eastbound Centre Lane,bd,All weeks,Autumn,4312.0,38
Apr,Eastbound Centre Lane,drt,All weeks,Autumn,9.0,38
Apr,Eastbound Centre Lane,sv,All weeks,Autumn,4538578.0,38
Apr,Eastbound Centre Lane,svt,All weeks,Autumn,54071.0,38
Apr,Eastbound Centre Lane,t4,All weeks,Autumn,11229.0,38
Apr,Eastbound Centre Lane,tb2,All weeks,Autumn,366781.0,38
Apr,Eastbound Centre Lane,tb3,All weeks,Autumn,25234.0,38
Apr,Eastbound Centre Lane,total_flow,All weeks,Autumn,5047393.0,38
Apr,Eastbound Centre Lane,trt,All weeks,Autumn,0.0,38
Apr,Eastbound Centre Lane,ucv,All weeks,Autumn,47.0,38
Apr,Eastbound Left Lane,art3,All weeks,Autumn,1434.0,38
Apr,Eastbound Left Lane,art4,All weeks,Autumn,1019.0,38
Apr,Eastbound Left Lane,art5,All weeks,Autumn,228.0,38
Apr,Eastbound Left Lane,art6,All weeks,Autumn,596.0,38
Apr,Eastbound Left Lane,bd,All weeks,Autumn,41.0,38
Apr,Eastbound Left Lane,drt,All weeks,Autumn,0.0,38
Apr,Eastbound Left Lane,sv,All weeks,Autumn,1211406.0,38
Apr,Eastbound Left Lane,svt,All weeks,Autumn,8737.0,38
Apr,Eastbound Left Lane,t4,All weeks,Autumn,1095.0,38
Apr,Eastbound Left Lane,tb2,All weeks,Autumn,68320.0,38
Apr,Eastbound Left Lane,tb3,All weeks,Autumn,2290.0,38
Apr,Eastbound Left Lane,total_flow,All weeks,Autumn,1295169.0,38
Apr,Eastbound Left Lane,trt,All weeks,Autumn,0.0,38
Apr,Eastbound Left Lane,ucv,All weeks,Autumn,3.0,38
Apr,Eastbound Right Lane,art3,All weeks,Autumn,2265.0,38
Apr,Eastbound Right Lane,art4,All weeks,Autumn,2066.0,38
Apr,Eastbound Right Lane,art5,All weeks,Autumn,367.0,38
Apr,Eastbound Right Lane,art6,All weeks,Autumn,1549.0,38
Apr,Eastbound Right Lane,bd,All weeks,Autumn,239.0,38
Apr,Eastbound Right Lane,drt,All weeks,Autumn,4.0,38
Apr,Eastbound Right Lane,sv,All weeks,Autumn,2307257.0,38
Apr,Eastbound Right Lane,svt,All weeks,Autumn,23989.0,38
Apr,Eastbound Right Lane,t4,All weeks,Autumn,1153.0,38
Apr,Eastbound Right Lane,tb2,All weeks,Autumn,132269.0,38
Apr,Eastbound Right Lane,tb3,All weeks,Autumn,3292.0,38
Apr,Eastbound Right Lane,total_flow,All weeks,Autumn,2474466.0,38
Apr,Eastbound Right Lane,trt,All weeks,Autumn,0.0,38
Apr,Eastbound Right Lane,ucv,All weeks,Autumn,16.0,38
Apr,Westbound Centre Lane,art3,All weeks,Autumn,3842.0,38
Apr,Westbound Centre Lane,art4,All weeks,Autumn,2940.0,38
Apr,Westbound Centre Lane,art5,All weeks,Autumn,751.0,38
Apr,Westbound Centre Lane,art6,All weeks,Autumn,1559.0,38
Apr,Westbound Centre Lane,bd,All weeks,Autumn,281.0,38
Apr,Westbound Centre Lane,drt,All weeks,Autumn,9.0,38
Apr,Westbound Centre Lane,sv,All weeks,Autumn,2260141.0,38
Apr,Westbound Centre Lane,svt,All weeks,Autumn,21984.0,38
Apr,Westbound Centre Lane,t4,All weeks,Autumn,2129.0,38
Apr,Westbound Centre Lane,tb2,All weeks,Autumn,165240.0,38
Apr,Westbound Centre Lane,tb3,All weeks,Autumn,5481.0,38
Apr,Westbound Centre Lane,total_flow,All weeks,Autumn,2464753.0,38
Apr,Westbound Centre Lane,trt,All weeks,Autumn,0.0,38
Apr,Westbound Centre Lane,ucv,All weeks,Autumn,396.0,38
Apr,Westbound Left Lane,art3,All weeks,Autumn,11988.0,38
Apr,Westbound Left Lane,art4,All weeks,Autumn,8768.0,38
Apr,Westbound Left Lane,art5,All weeks,Autumn,3635.0,38
Apr,Westbound Left Lane,art6,All weeks,Autumn,19785.0,38
Apr,Westbound Left Lane,bd,All weeks,Autumn,4221.0,38
Apr,Westbound Left Lane,drt,All weeks,Autumn,24.0,38
Apr,Westbound Left Lane,sv,All weeks,Autumn,5084288.0,38
Apr,Westbound Left Lane,svt,All weeks,Autumn,58925.0,38
Apr,Westbound Left Lane,t4,All weeks,Autumn,10534.0,38
Apr,Westbound Left Lane,tb2,All weeks,Autumn,453890.0,38
Apr,Westbound Left Lane,tb3,All weeks,Autumn,25556.0,38
Apr,Westbound Left Lane,total_flow,All weeks,Autumn,5682066.0,38
Apr,Westbound Left Lane,trt,All weeks,Autumn,0.0,38
Apr,Westbound Left Lane,ucv,All weeks,Autumn,452.0,38
Apr,Westbound Right Lane (Tidal Flow 7:00am - 9:00am W,art3,All weeks,Autumn,304.0,38
Apr,Westbound Right Lane (Tidal Flow 7:00am - 9:00am W,art4,All weeks,Autumn,166.0,38
Apr,Westbound Right Lane (Tidal Flow 7:00am - 9:00am W,art5,All weeks,Autumn,17.0,38
Apr,Westbound Right Lane (Tidal Flow 7:00am - 9:00am W,art6,All weeks,Autumn,38.0,38
Apr,Westbound Right Lane (Tidal Flow 7:00am - 9:00am W,bd,All weeks,Autumn,4.0,38
Apr,Westbound Right Lane (Tidal Flow 7:00am - 9:00am W,drt,All weeks,Autumn,1.0,38
Apr,Westbound Right Lane (Tidal Flow 7:00am - 9:00am W,sv,All weeks,Autumn,344243.0,38
Apr,Westbound Right Lane (Tidal Flow 7:00am - 9:00am W,svt,All weeks,Autumn,1478.0,38
Apr,Westbound Right Lane (Tidal Flow 7:00am - 9:00am W,t4,All weeks,Autumn,85.0,38
Apr,Westbound Right Lane (Tidal Flow 7:00am - 9:00am W,tb2,All weeks,Autumn,21727.0,38
Apr,Westbound Right Lane (Tidal Flow 7:00am - 9:00am W,tb3,All weeks,Autumn,238.0,38
Apr,Westbound Right Lane (Tidal Flow 7:00am - 9:00am W,total_flow,All weeks,Autumn,368321.0,38
Apr,Westbound Right Lane (Tidal Flow 7:00am - 9:00am W,trt,All weeks,Autumn,0.0,38
Apr,Westbound Right Lane (Tidal Flow 7:00am - 9:00am W,ucv,All weeks,Autumn,20.0,38
Aug,All directions,art3,All weeks,Winter,25787.0,33
Aug,All directions,art4,All weeks,Winter,18186.0,33
Aug,All directions,art5,All weeks,Winter,7390.0,33
Aug,All directions,art6,All weeks,Winter,41748.0,33
Aug,All directions,bd,All weeks,Winter,7497.0,33
Aug,All directions,drt,All weeks,Winter,45.0,33
Aug,All directions,sv,All weeks,Winter,14277260.0,33
Aug,All directions,svt,All weeks,Winter,125266.0,33
Aug,All directions,t4,All weeks,Winter,22616.0,33
Aug,All directions,tb2,All weeks,Winter,1077009.0,33
Aug,All directions,tb3,All weeks,Winter,53814.0,33
Aug,All directions,total_flow,All weeks,Winter,15657451.0,33
Aug,All directions,trt,All weeks,Winter,3.0,33
Aug,All directions,ucv,All weeks,Winter,830.0,33
Aug,Eastbound Centre Lane,art3,All weeks,Winter,9388.0,33
Aug,Eastbound Centre Lane,art4,All weeks,Winter,6557.0,33
Aug,Eastbound Centre Lane,art5,All weeks,Winter,3238.0,33
Aug,Eastbound Centre Lane,art6,All weeks,Winter,21118.0,33
Aug,Eastbound Centre Lane,bd,All weeks,Winter,3518.0,33
Aug,Eastbound Centre Lane,drt,All weeks,Winter,13.0,33
Aug,Eastbound Centre Lane,sv,All weeks,Winter,4084321.0,33
Aug,Eastbound Centre Lane,svt,All weeks,Winter,39304.0,33
Aug,Eastbound Centre Lane,t4,All weeks,Winter,9714.0,33
Aug,Eastbound Centre Lane,tb2,All weeks,Winter,331219.0,33
Aug,Eastbound Centre Lane,tb3,All weeks,Winter,21598.0,33
Aug,Eastbound Centre Lane,total_flow,All weeks,Winter,4530022.0,33
Aug,Eastbound Centre Lane,trt,All weeks,Winter,0.0,33
Aug,Eastbound Centre Lane,ucv,All weeks,Winter,34.0,33
Aug,Eastbound Left Lane,art3,All weeks,Winter,1514.0,33
Aug,Eastbound Left Lane,art4,All weeks,Winter,901.0,33
Aug,Eastbound Left Lane,art5,All weeks,Winter,208.0,33
Aug,Eastbound Left Lane,art6,All weeks,Winter,512.0,33
Aug,Eastbound Left Lane,bd,All weeks,Winter,68.0,33
Aug,Eastbound Left Lane,drt,All weeks,Winter,0.0,33
Aug,Eastbound Left Lane,sv,All weeks,Winter,1140125.0,33
Aug,Eastbound Left Lane,svt,All weeks,Winter,6722.0,33
Aug,Eastbound Left Lane,t4,All weeks,Winter,1043.0,33
Aug,Eastbound Left Lane,tb2,All weeks,Winter,64764.0,33
Aug,Eastbound Left Lane,tb3,All weeks,Winter,2147.0,33
Aug,Eastbound Left Lane,total_flow,All weeks,Winter,1218013.0,33
Aug,Eastbound Left Lane,trt,All weeks,Winter,0.0,33
Aug,Eastbound Left Lane,ucv,All weeks,Winter,9.0,33
Aug,Eastbound Right Lane,art3,All weeks,Winter,1675.0,33
Aug,Eastbound Right Lane,art4,All weeks,Winter,1593.0,33
Aug,Eastbound Right Lane,art5,All weeks,Winter,247.0,33
Aug,Eastbound Right Lane,art6,All weeks,Winter,1250.0,33
Aug,Eastbound Right Lane,bd,All weeks,Winter,198.0,33
Aug,Eastbound Right Lane,drt,All weeks,Winter,2.0,33
Aug,Eastbound Right Lane,sv,All weeks,Winter,2087098.0,33
Aug,Eastbound Right Lane,svt,All weeks,Winter,17766.0,33
Aug,Eastbound Right Lane,t4,All weeks,Winter,893.0,33
Aug,Eastbound Right Lane,tb2,All weeks,Winter,118873.0,33
Aug,Eastbound Right Lane,tb3,All weeks,Winter,2770.0,33
Aug,Eastbound Right Lane,total_flow,All weeks,Winter,2232380.0,33
Aug,Eastbound Right Lane,trt,All weeks,Winter,0.0,33
Aug,Eastbound Right Lane,ucv,All weeks,Winter,15.0,33
Aug,Westbound Centre Lane,art3,All weeks,Winter,3254.0,33
Aug,Westbound Centre Lane,art4,All weeks,Winter,2315.0,33
Aug,Westbound Centre Lane,art5,All weeks,Winter,649.0,33
Aug,Westbound Centre Lane,art6,All weeks,Winter,1592.0,33
Aug,Westbound Centre Lane,bd,All weeks,Winter,225.0,33
Aug,Westbound Centre Lane,drt,All weeks,Winter,10.0,33
Aug,Westbound Centre Lane,sv,All weeks,Winter,2050289.0,33
Aug,Westbound Centre Lane,svt,All weeks,Winter,17115.0,33
Aug,Westbound Centre Lane,t4,All weeks,Winter,1848.0,33
Aug,Westbound Centre Lane,tb2,All weeks,Winter,146496.0,33
Aug,Westbound Centre Lane,tb3,All weeks,Winter,5017.0,33
Aug,Westbound Centre Lane,total_flow,All weeks,Winter,2229184.0,33
Aug,Westbound Centre Lane,trt,All weeks,Winter,3.0,33
Aug,Westbound Centre Lane,ucv,All weeks,Winter,371.0,33
Aug,Westbound Left Lane,art3,All weeks,Winter,9689.0,33
Aug,Westbound Left Lane,art4,All weeks,Winter,6686.0,33
Aug,Westbound Left Lane,art5,All weeks,Winter,3024.0,33
Aug,Westbound Left Lane,art6,All weeks,Winter,17231.0,33
Aug,Westbound Left Lane,bd,All weeks,Winter,3486.0,33
Aug,Westbound Left Lane,drt,All weeks,Winter,20.0,33
Aug,Westbound Left Lane,sv,All weeks,Winter,4528030.0,33
Aug,Westbound Left Lane,svt,All weeks,Winter,42872.0,33
Aug,Westbound Left Lane,t4,All weeks,Winter,9059.0,33
Aug,Westbound Left Lane,tb2,All weeks,Winter,392255.0,33
Aug,Westbound Left Lane,tb3,All weeks,Winter,21994.0,33
Aug,Westbound Left Lane,total_flow,All weeks,Winter,5034735.0,33
Aug,Westbound Left Lane,trt,All weeks,Winter,0.0,33
Aug,Westbound Left Lane,ucv,All weeks,Winter,389.0,33
Aug,Westbound Right Lane (Tidal Flow 7:00am - 9:00am W,art3,All weeks,Winter,267.0,33
Aug,Westbound Right Lane (Tidal Flow 7:00am - 9:00am W,art4,All weeks,Winter,134.0,33
Aug,Westbound Right Lane (Tidal Flow 7:00am - 9:00am W,art5,All weeks,Winter,24.0,33
Aug,Westbound Right Lane (Tidal Flow 7:00am - 9:00am W,art6,All weeks,Winter,45.0,33
Aug,Westbound Right Lane (Tidal Flow 7:00am - 9:00am W,bd,All weeks,Winter,2.0,33
Aug,Westbound Right Lane (Tidal Flow 7:00am - 9:00am W,drt,All weeks,Winter,0.0,33
Aug,Westbound Right Lane (Tidal Flow 7:00am - 9:00am W,sv,All weeks,Winter,387397.0,33
Aug,Westbound Right Lane (Tidal Flow 7:00am - 9:00am W,svt,All weeks,Winter,1487.0,33
Aug,Westbound Right Lane (Tidal Flow 7:00am - 9:00am W,t4,All weeks,Winter,59.0,33
Aug,Westbound Right Lane (Tidal Flow 7:00am - 9:00am W,tb2,All weeks,Winter,23402.0,33
Aug,Westbound Right Lane (Tidal Flow 7:00am - 9:00am W,tb3,All weeks,Winter,288.0,33
Aug,Westbound Right Lane (Tidal Flow 7:00am - 9:00am W,total_flow,All weeks,Winter,413117.0,33
Aug,Westbound Right Lane (Tidal Flow 7:00am - 9:00am W,trt,All weeks,Winter,0.0,33
Aug,Westbound Right Lane (Tidal Flow 7:00am - 9:00am W,ucv,All weeks,Winter,12.0,33
Dec,All directions,art3,All weeks,Summer,33560.0,39
Dec,All directions,art4,All weeks,Summer,21078.0,39
Dec,All directions,art5,All weeks,Summer,9244.0,39
Dec,All directions,art6,All weeks,Summer,45844.0,39
Dec,All directions,bd,All weeks,Summer,7912.0,39
Dec,All directions,drt,All weeks,Summer,53.0,39
Dec,All directions,sv,All weeks,Summer,17730294.0,39
Dec,All directions,svt,All weeks,Summer,176683.0,39
Dec,All directions,t4,All weeks,Summer,23010.0,39
Dec,All directions,tb2,All weeks,Summer,1236733.0,39
Dec,All directions,tb3,All weeks,Summer,58186.0,39
Dec,All directions,total_flow,All weeks,Summer,19343656.0,39
Dec,All directions,trt,All weeks,Summer,5.0,39
Dec,All directions,ucv,All weeks,Summer,1054.0,39
Dec,Eastbound Centre Lane,art3,All weeks,Summer,12348.0,39
Dec,Eastbound Centre Lane,art4,All weeks,Summer,7843.0,39
Dec,Eastbound Centre Lane,art5,All weeks,Summer,3968.0,39
Dec,Eastbound Centre Lane,art6,All weeks,Summer,23249.0,39
Dec,Eastbound Centre Lane,bd,All weeks,Summer,3921.0,39
Dec,Eastbound Centre Lane,drt,All weeks,Summer,11.0,39
Dec,Eastbound Centre Lane,sv,All weeks,Summer,5094298.0,39
Dec,Eastbound Centre Lane,svt,All weeks,Summer,56895.0,39
Dec,Eastbound Centre Lane,t4,All weeks,Summer,9755.0,39
Dec,Eastbound Centre Lane,tb2,All weeks,Summer,378808.0,39
Dec,Eastbound Centre Lane,tb3,All weeks,Summer,22882.0,39
Dec,Eastbound Centre Lane,total_flow,All weeks,Summer,5614026.0,39
Dec,Eastbound Centre Lane,trt,All weeks,Summer,0.0,39
Dec,Eastbound Centre Lane,ucv,All weeks,Summer,48.0,39
Dec,Eastbound Left Lane,art3,All weeks,Summer,1645.0,39
Dec,Eastbound Left Lane,art4,All weeks,Summer,982.0,39
Dec,Eastbound Left Lane,art5,All weeks,Summer,240.0,39
Dec,Eastbound Left Lane,art6,All weeks,Summer,650.0,39
Dec,Eastbound Left Lane,bd,All weeks,Summer,55.0,39
Dec,Eastbound Left Lane,drt,All weeks,Summer,1.0,39
Dec,Eastbound Left Lane,sv,All weeks,Summer,1345110.0,39
Dec,Eastbound Left Lane,svt,All weeks,Summer,8717.0,39
Dec,Eastbound Left Lane,t4,All weeks,Summer,971.0,39
Dec,Eastbound Left Lane,tb2,All weeks,Summer,70313.0,39
Dec,Eastbound Left Lane,tb3,All weeks,Summer,2083.0,39
Dec,Eastbound Left Lane,total_flow,All weeks,Summer,1430779.0,39
Dec,Eastbound Left Lane,trt,All weeks,Summer,0.0,39
Dec,Eastbound Left Lane,ucv,All weeks,Summer,12.0,39
Dec,Eastbound Right Lane,art3,All weeks,Summer,2503.0,39
Dec,Eastbound Right Lane,art4,All weeks,Summer,1826.0,39
Dec,Eastbound Right Lane,art5,All weeks,Summer,389.0,39
Dec,Eastbound Right Lane,art6,All weeks,Summer,1536.0,39
Dec,Eastbound Right Lane,bd,All weeks,Summer,228.0,39
Dec,Eastbound Right Lane,drt,All weeks,Summer,2.0,39
Dec,Eastbound Right Lane,sv,All weeks,Summer,2645567.0,39
Dec,Eastbound Right Lane,svt,All weeks,Summer,25708.0,39
Dec,Eastbound Right Lane,t4,All weeks,Summer,1085.0,39
Dec,Eastbound Right Lane,tb2,All weeks,Summer,141297.0,39
Dec,Eastbound Right Lane,tb3,All weeks,Summer,3350.0,39
Dec,Eastbound Right Lane,total_flow,All weeks,Summer,2823510.0,39
Dec,Eastbound Right Lane,trt,All weeks,Summer,0.0,39
Dec,Eastbound Right Lane,ucv,All weeks,Summer,19.0,39
Dec,Westbound Centre Lane,art3,All weeks,Summer,4336.0,39
Dec,Westbound Centre Lane,art4,All weeks,Summer,2767.0,39
Dec,Westbound Centre Lane,art5,All weeks,Summer,918.0,39
Dec,Westbound Centre Lane,art6,All weeks,Summer,1818.0,39
Dec,Westbound Centre Lane,bd,All weeks,Summer,307.0,39
Dec,Westbound Centre Lane,drt,All weeks,Summer,19.0,39
Dec,Westbound Centre Lane,sv,All weeks,Summer,2606470.0,39
Dec,Westbound Centre Lane,svt,All weeks,Summer,24494.0,39
Dec,Westbound Centre Lane,t4,All weeks,Summer,1938.0,39
Dec,Westbound Centre Lane,tb2,All weeks,Summer,175699.0,39
Dec,Westbound Centre Lane,tb3,All weeks,Summer,5794.0,39
Dec,Westbound Centre Lane,total_flow,All weeks,Summer,2825057.0,39
Dec,Westbound Centre Lane,trt,All weeks,Summer,4.0,39
Dec,Westbound Centre Lane,ucv,All weeks,Summer,493.0,39
Dec,Westbound Left Lane,art3,All weeks,Summer,12472.0,39
Dec,Westbound Left Lane,art4,All weeks,Summer,7521.0,39
Dec,Westbound Left Lane,art5,All weeks,Summer,3705.0,39
Dec,Westbound Left Lane,art6,All weeks,Summer,18548.0,39
Dec,Westbound Left Lane,bd,All weeks,Summer,3398.0,39
Dec,Westbound Left Lane,drt,All weeks,Summer,20.0,39
Dec,Westbound Left Lane,sv,All weeks,Summer,5693713.0,39
Dec,Westbound Left Lane,svt,All weeks,Summer,59343.0,39
Dec,Westbound Left Lane,t4,All weeks,Summer,9207.0,39
Dec,Westbound Left Lane,tb2,All weeks,Summer,449668.0,39
Dec,Westbound Left Lane,tb3,All weeks,Summer,23862.0,39
Dec,Westbound Left Lane,total_flow,All weeks,Summer,6281916.0,39
Dec,Westbound Left Lane,trt,All weeks,Summer,1.0,39
Dec,Westbound Left Lane,ucv,All weeks,Summer,458.0,39
Dec,Westbound Right Lane (Tidal Flow 7:00am - 9:00am W,art3,All weeks,Summer,256.0,39
Dec,Westbound Right Lane (Tidal Flow 7:00am - 9:00am W,art4,All weeks,Summer,139.0,39
Dec,Westbound Right Lane (Tidal Flow 7:00am - 9:00am W,art5,All weeks,Summer,24.0,39
Dec,Westbound Right Lane (Tidal Flow 7:00am - 9:00am W,art6,All weeks,Summer,43.0,39
Dec,Westbound Right Lane (Tidal Flow 7:00am - 9:00am W,bd,All weeks,Summer,3.0,39
Dec,Westbound Right Lane (Tidal Flow 7:00am - 9:00am W,drt,All weeks,Summer,0.0,39
Dec,Westbound Right Lane (Tidal Flow 7:00am - 9:00am W,sv,All weeks,Summer,345136.0,39
Dec,Westbound Right Lane (Tidal Flow 7:00am - 9:00am W,svt,All weeks,Summer,1526.0,39
Dec,Westbound Right Lane (Tidal Flow 7:00am - 9:00am W,t4,All weeks,Summer,54.0,39
Dec,Westbound Right Lane (Tidal Flow 7:00am - 9:00am W,tb2,All weeks,Summer,20948.0,39
Dec,Westbound Right Lane (Tidal Flow 7:00am - 9:00am W,tb3,All weeks,Summer,215.0,39
Dec,Westbound Right Lane (Tidal Flow 7:00am - 9:00am W,total_flow,All weeks,Summer,368368.0,39
Dec,Westbound Right Lane (Tidal Flow 7:00am - 9:00am W,trt,All weeks,Summer,0.0,39
Dec,Westbound Right Lane (Tidal Flow 7:00am - 9:00am W,ucv,All weeks,Summer,24.0,39
Feb,All directions,art3,All weeks,Summer,35297.0,37
Feb,All directions,art4,All weeks,Summer,25040.0,37
Feb,All directions,art5,All weeks,Summer,10476.0,37
Feb,All directions,art6,All weeks,Summer,51515.0,37
Feb,All directions,bd,All weeks,Summer,9992.0,37
Feb,All directions,drt,All weeks,Summer,83.0,37
Feb,All directions,sv,All weeks,Summer,17572923.0,37
Feb,All directions,svt,All weeks,Summer,187956.0,37
Feb,All directions,t4,All weeks,Summer,28034.0,37
Feb,All directions,tb2,All weeks,Summer,1317438.0,37
Feb,All directions,tb3,All weeks,Summer,66725.0,37
Feb,All directions,total_flow,All weeks,Summer,19306586.0,37
Feb,All directions,trt,All weeks,Summer,2.0,37
Feb,All directions,ucv,All weeks,Summer,1105.0,37
Feb,Eastbound Centre Lane,art3,All weeks,Summer,12439.0,37
Feb,Eastbound Centre Lane,art4,All weeks,Summer,8807.0,37
Feb,Eastbound Centre Lane,art5,All weeks,Summer,4537.0,37
Feb,Eastbound Centre Lane,art6,All weeks,Summer,25046.0,37
Feb,Eastbound Centre Lane,bd,All weeks,Summer,4731.0,37
Feb,Eastbound Centre Lane,drt,All weeks,Summer,17.0,37
Feb,Eastbound Centre Lane,sv,All weeks,Summer,4918785.0,37
Feb,Eastbound Centre Lane,svt,All weeks,Summer,58460.0,37
Feb,Eastbound Centre Lane,t4,All weeks,Summer,11658.0,37
Feb,Eastbound Centre Lane,tb2,All weeks,Summer,395420.0,37
Feb,Eastbound Centre Lane,tb3,All weeks,Summer,26186.0,37
Feb,Eastbound Centre Lane,total_flow,All weeks,Summer,5466139.0,37
Feb,Eastbound Centre Lane,trt,All weeks,Summer,0.0,37
Feb,Eastbound Centre Lane,ucv,All weeks,Summer,53.0,37
Feb,Eastbound Left Lane,art3,All weeks,Summer,1678.0,37
Feb,Eastbound Left Lane,art4,All weeks,Summer,1225.0,37
Feb,Eastbound Left Lane,art5,All weeks,Summer,232.0,37
Feb,Eastbound Left Lane,art6,All weeks,Summer,867.0,37
Feb,Eastbound Left Lane,bd,All weeks,Summer,102.0,37
Feb,Eastbound Left Lane,drt,All weeks,Summer,0.0,37
Feb,Eastbound Left Lane,sv,All weeks,Summer,1387676.0,37
Feb,Eastbound Left Lane,svt,All weeks,Summer,9909.0,37
Feb,Eastbound Left Lane,t4,All weeks,Summer,1219.0,37
Feb,Eastbound Left Lane,tb2,All weeks,Summer,78659.0,37
Feb,Eastbound Left Lane,tb3,All weeks,Summer,2678.0,37
Feb,Eastbound Left Lane,total_flow,All weeks,Summer,1484255.0,37
Feb,Eastbound Left Lane,trt,All weeks,Summer,0.0,37
Feb,Eastbound Left Lane,ucv,All weeks,Summer,10.0,37
Feb,Eastbound Right Lane,art3,All weeks,Summer,2772.0,37
Feb,Eastbound Right Lane,art4,All weeks,Summer,2198.0,37
Feb,Eastbound Right Lane,art5,All weeks,Summer,516.0,37
Feb,Eastbound Right Lane,art6,All weeks,Summer,2301.0,37
Feb,Eastbound Right Lane,bd,All weeks,Summer,280.0,37
Feb,Eastbound Right Lane,drt,All weeks,Summer,2.0,37
Feb,Eastbound Right Lane,sv,All weeks,Summer,2701042.0,37
Feb,Eastbound Right Lane,svt,All weeks,Summer,27854.0,37
Feb,Eastbound Right Lane,t4,All weeks,Summer,1492.0,37
Feb,Eastbound Right Lane,tb2,All weeks,Summer,148809.0,37
Feb,Eastbound Right Lane,tb3,All weeks,Summer,4158.0,37
Feb,Eastbound Right Lane,total_flow,All weeks,Summer,2891452.0,37
Feb,Eastbound Right Lane,trt,All weeks,Summer,0.0,37
Feb,Eastbound Right Lane,ucv,All weeks,Summer,28.0,37
Feb,Westbound Centre Lane,art3,All weeks,Summer,4873.0,37
Feb,Westbound Centre Lane,art4,All weeks,Summer,3612.0,37
Feb,Westbound Centre Lane,art5,All weeks,Summer,1195.0,37
Feb,Westbound Centre Lane,art6,All weeks,Summer,2165.0,37
Feb,Westbound Centre Lane,bd,All weeks,Summer,416.0,37
Feb,Westbound Centre Lane,drt,All weeks,Summer,19.0,37
Feb,Westbound Centre Lane,sv,All weeks,Summer,2624690.0,37
Feb,Westbound Centre Lane,svt,All weeks,Summer,27733.0,37
Feb,Westbound Centre Lane,t4,All weeks,Summer,2386.0,37
Feb,Westbound Centre Lane,tb2,All weeks,Summer,191887.0,37
Feb,Westbound Centre Lane,tb3,All weeks,Summer,6753.0,37
Feb,Westbound Centre Lane,total_flow,All weeks,Summer,2866253.0,37
Feb,Westbound Centre Lane,trt,All weeks,Summer,2.0,37
Feb,Westbound Centre Lane,ucv,All weeks,Summer,522.0,37
Feb,Westbound Left Lane,art3,All weeks,Summer,13102.0,37
Feb,Westbound Left Lane,art4,All weeks,Summer,8969.0,37
Feb,Westbound Left Lane,art5,All weeks,Summer,3960.0,37
Feb,Westbound Left Lane,art6,All weeks,Summer,21056.0,37
Feb,Westbound Left Lane,bd,All weeks,Summer,4452.0,37
Feb,Westbound Left Lane,drt,All weeks,Summer,44.0,37
Feb,Westbound Left Lane,sv,All weeks,Summer,5447242.0,37
Feb,Westbound Left Lane,svt,All weeks,Summer,61609.0,37
Feb,Westbound Left Lane,t4,All weeks,Summer,11177.0,37
Feb,Westbound Left Lane,tb2,All weeks,Summer,472273.0,37
Feb,Westbound Left Lane,tb3,All weeks,Summer,26579.0,37
Feb,Westbound Left Lane,total_flow,All weeks,Summer,6070928.0,37
Feb,Westbound Left Lane,trt,All weeks,Summer,0.0,37
Feb,Westbound Left Lane,ucv,All weeks,Summer,465.0,37
Feb,Westbound Right Lane (Tidal Flow 7:00am - 9:00am W,art3,All weeks,Summer,433.0,37
Feb,Westbound Right Lane (Tidal Flow 7:00am - 9:00am W,art4,All weeks,Summer,229.0,37
Feb,Westbound Right Lane (Tidal Flow 7:00am - 9:00am W,art5,All weeks,Summer,36.0,37
Feb,Westbound Right Lane (Tidal Flow 7:00am - 9:00am W,art6,All weeks,Summer,80.0,37
Feb,Westbound Right Lane (Tidal Flow 7:00am - 9:00am W,bd,All weeks,Summer,11.0,37
Feb,Westbound Right Lane (Tidal Flow 7:00am - 9:00am W,drt,All weeks,Summer,1.0,37
Feb,Westbound Right Lane (Tidal Flow 7:00am - 9:00am W,sv,All weeks,Summer,493488.0,37
Feb,Westbound Right Lane (Tidal Flow 7:00am - 9:00am W,svt,All weeks,Summer,2391.0,37
Feb,Westbound Right Lane (Tidal Flow 7:00am - 9:00am W,t4,All weeks,Summer,102.0,37
Feb,Westbound Right Lane (Tidal Flow 7:00am - 9:00am W,tb2,All weeks,Summer,30390.0,37
Feb,Westbound Right Lane (Tidal Flow 7:00am - 9:00am W,tb3,All weeks,Summer,371.0,37
Feb,Westbound Right Lane (Tidal Flow 7:00am - 9:00am W,total_flow,All weeks,Summer,527559.0,37
Feb,Westbound Right Lane (Tidal Flow 7:00am - 9:00am W,trt,All weeks,Summer,0.0,37
Feb,Westbound Right Lane (Tidal Flow 7:00am - 9:00am W,ucv,All weeks,Summer,27.0,37
Jan,All directions,art3,All weeks,Summer,37670.0,44
Jan,All directions,art4,All weeks,Summer,26822.0,44
Jan,All directions,art5,All weeks,Summer,11327.0,44
Jan,All directions,art6,All weeks,Summer,55432.0,44
Jan,All directions,bd,All weeks,Summer,9719.0,44
Jan,All directions,drt,All weeks,Summer,56.0,44
Jan,All directions,sv,All weeks,Summer,19489149.0,44
Jan,All directions,svt,All weeks,Summer,228548.0,44
Jan,All directions,t4,All weeks,Summer,28342.0,44
Jan,All directions,tb2,All weeks,Summer,1378820.0,44
Jan,All directions,tb3,All weeks,Summer,71966.0,44
Jan,All directions,total_flow,All weeks,Summer,21339015.0,44
Jan,All directions,trt,All weeks,Summer,3.0,44
Jan,All directions,ucv,All weeks,Summer,1161.0,44
Jan,Eastbound Centre Lane,art3,All weeks,Summer,13080.0,44
Jan,Eastbound Centre Lane,art4,All weeks,Summer,9616.0,44
Jan,Eastbound Centre Lane,art5,All weeks,Summer,4666.0,44
Jan,Eastbound Centre Lane,art6,All weeks,Summer,26350.0,44
Jan,Eastbound Centre Lane,bd,All weeks,Summer,4490.0,44
Jan,Eastbound Centre Lane,drt,All weeks,Summer,12.0,44
Jan,Eastbound Centre Lane,sv,All weeks,Summer,5467209.0,44
Jan,Eastbound Centre Lane,svt,All weeks,Summer,70391.0,44
Jan,Eastbound Centre Lane,t4,All weeks,Summer,11422.0,44
Jan,Eastbound Centre Lane,tb2,All weeks,Summer,418310.0,44
Jan,Eastbound Centre Lane,tb3,All weeks,Summer,27578.0,44
Jan,Eastbound Centre Lane,total_flow,All weeks,Summer,6053201.0,44
Jan,Eastbound Centre Lane,trt,All weeks,Summer,0.0,44
Jan,Eastbound Centre Lane,ucv,All weeks,Summer,77.0,44
Jan,Eastbound Left Lane,art3,All weeks,Summer,1836.0,44
Jan,Eastbound Left Lane,art4,All weeks,Summer,1183.0,44
Jan,Eastbound Left Lane,art5,All weeks,Summer,317.0,44
Jan,Eastbound Left Lane,art6,All weeks,Summer,905.0,44
Jan,Eastbound Left Lane,bd,All weeks,Summer,92.0,44
Jan,Eastbound Left Lane,drt,All weeks,Summer,1.0,44
Jan,Eastbound Left Lane,sv,All weeks,Summer,1457007.0,44
Jan,Eastbound Left Lane,svt,All weeks,Summer,11530.0,44
Jan,Eastbound Left Lane,t4,All weeks,Summer,1206.0,44
Jan,Eastbound Left Lane,tb2,All weeks,Summer,79804.0,44
Jan,Eastbound Left Lane,tb3,All weeks,Summer,2597.0,44
Jan,Eastbound Left Lane,total_flow,All weeks,Summer,1556488.0,44
Jan,Eastbound Left Lane,trt,All weeks,Summer,0.0,44
Jan,Eastbound Left Lane,ucv,All weeks,Summer,10.0,44
Jan,Eastbound Right Lane,art3,All weeks,Summer,3286.0,44
Jan,Eastbound Right Lane,art4,All weeks,Summer,2382.0,44
Jan,Eastbound Right Lane,art5,All weeks,Summer,811.0,44
Jan,Eastbound Right Lane,art6,All weeks,Summer,3325.0,44
Jan,Eastbound Right Lane,bd,All weeks,Summer,504.0,44
Jan,Eastbound Right Lane,drt,All weeks,Summer,10.0,44
Jan,Eastbound Right Lane,sv,All weeks,Summer,3019756.0,44
Jan,Eastbound Right Lane,svt,All weeks,Summer,34741.0,44
Jan,Eastbound Right Lane,t4,All weeks,Summer,1797.0,44
Jan,Eastbound Right Lane,tb2,All weeks,Summer,159099.0,44
Jan,Eastbound Right Lane,tb3,All weeks,Summer,5294.0,44
Jan,Eastbound Right Lane,total_flow,All weeks,Summer,3231039.0,44
Jan,Eastbound Right Lane,trt,All weeks,Summer,1.0,44
Jan,Eastbound Right Lane,ucv,All weeks,Summer,33.0,44
Jan,Westbound Centre Lane,art3,All weeks,Summer,4575.0,44
Jan,Westbound Centre Lane,art4,All weeks,Summer,3250.0,44
Jan,Westbound Centre Lane,art5,All weeks,Summer,1097.0,44
Jan,Westbound Centre Lane,art6,All weeks,Summer,2004.0,44
Jan,Westbound Centre Lane,bd,All weeks,Summer,375.0,44
Jan,Westbound Centre Lane,drt,All weeks,Summer,6.0,44
Jan,Westbound Centre Lane,sv,All weeks,Summer,2828210.0,44
Jan,Westbound Centre Lane,svt,All weeks,Summer,29233.0,44
Jan,Westbound Centre Lane,t4,All weeks,Summer,2331.0,44
Jan,Westbound Centre Lane,tb2,All weeks,Summer,186444.0,44
Jan,Westbound Centre Lane,tb3,All weeks,Summer,6350.0,44
Jan,Westbound Centre Lane,total_flow,All weeks,Summer,3064411.0,44
Jan,Westbound Centre Lane,trt,All weeks,Summer,2.0,44
Jan,Westbound Centre Lane,ucv,All weeks,Summer,534.0,44
Jan,Westbound Left Lane,art3,All weeks,Summer,14660.0,44
Jan,Westbound Left Lane,art4,All weeks,Summer,10274.0,44
Jan,Westbound Left Lane,art5,All weeks,Summer,4426.0,44
Jan,Westbound Left Lane,art6,All weeks,Summer,22822.0,44
Jan,Westbound Left Lane,bd,All weeks,Summer,4255.0,44
Jan,Westbound Left Lane,drt,All weeks,Summer,27.0,44
Jan,Westbound Left Lane,sv,All weeks,Summer,6365608.0,44
Jan,Westbound Left Lane,svt,All weeks,Summer,80994.0,44
Jan,Westbound Left Lane,t4,All weeks,Summer,11539.0,44
Jan,Westbound Left Lane,tb2,All weeks,Summer,515186.0,44
Jan,Westbound Left Lane,tb3,All weeks,Summer,29950.0,44
Jan,Westbound Left Lane,total_flow,All weeks,Summer,7060229.0,44
Jan,Westbound Left Lane,trt,All weeks,Summer,0.0,44
Jan,Westbound Left Lane,ucv,All weeks,Summer,488.0,44
Jan,Westbound Right Lane (Tidal Flow 7:00am - 9:00am W,art3,All weeks,Summer,233.0,44
Jan,Westbound Right Lane (Tidal Flow 7:00am - 9:00am W,art4,All weeks,Summer,117.0,44
Jan,Westbound Right Lane (Tidal Flow 7:00am - 9:00am W,art5,All weeks,Summer,10.0,44
Jan,Westbound Right Lane (Tidal Flow 7:00am - 9:00am W,art6,All weeks,Summer,26.0,44
Jan,Westbound Right Lane (Tidal Flow 7:00am - 9:00am W,bd,All weeks,Summer,3.0,44
Jan,Westbound Right Lane (Tidal Flow 7:00am - 9:00am W,drt,All weeks,Summer,0.0,44
Jan,Westbound Right Lane (Tidal Flow 7:00am - 9:00am W,sv,All weeks,Summer,351359.0,44
Jan,Westbound Right Lane (Tidal Flow 7:00am - 9:00am W,svt,All weeks,Summer,1659.0,44
Jan,Westbound Right Lane (Tidal Flow 7:00am - 9:00am W,t4,All weeks,Summer,47.0,44
Jan,Westbound Right Lane (Tidal Flow 7:00am - 9:00am W,tb2,All weeks,Summer,19977.0,44
Jan,Westbound Right Lane (Tidal Flow 7:00am - 9:00am W,tb3,All weeks,Summer,197.0,44
Jan,Westbound Right Lane (Tidal Flow 7:00am - 9:00am W,total_flow,All weeks,Summer,373647.0,44
Jan,Westbound Right Lane (Tidal Flow 7:00am - 9:00am W,trt,All weeks,Summer,0.0,44
Jan,Westbound Right Lane (Tidal Flow 7:00am - 9:00am W,ucv,All weeks,Summer,19.0,44
Jul,All directions,art3,All weeks,Winter,23247.0,30
Jul,All directions,art4,All weeks,Winter,17542.0,30
Jul,All directions,art5,All weeks,Winter,6700.0,30
Jul,All directions,art6,All weeks,Winter,38382.0,30
Jul,All directions,bd,All weeks,Winter,6647.0,30
Jul,All directions,drt,All weeks,Winter,33.0,30
Jul,All directions,sv,All weeks,Winter,13050838.0,30
Jul,All directions,svt,All weeks,Winter,115563.0,30
Jul,All directions,t4,All weeks,Winter,21637.0,30
Jul,All directions,tb2,All weeks,Winter,1038011.0,30
Jul,All directions,tb3,All weeks,Winter,51138.0,30
Jul,All directions,total_flow,All weeks,Winter,14370507.0,30
Jul,All directions,trt,All weeks,Winter,1.0,30
Jul,All directions,ucv,All weeks,Winter,768.0,30
Jul,Eastbound Centre Lane,art3,All weeks,Winter,8335.0,30
Jul,Eastbound Centre Lane,art4,All weeks,Winter,6238.0,30
Jul,Eastbound Centre Lane,art5,All weeks,Winter,3037.0,30
Jul,Eastbound Centre Lane,art6,All weeks,Winter,19319.0,30
Jul,Eastbound Centre Lane,bd,All weeks,Winter,3124.0,30
Jul,Eastbound Centre Lane,drt,All weeks,Winter,9.0,30
Jul,Eastbound Centre Lane,sv,All weeks,Winter,3761596.0,30
Jul,Eastbound Centre Lane,svt,All weeks,Winter,36150.0,30
Jul,Eastbound Centre Lane,t4,All weeks,Winter,9161.0,30
Jul,Eastbound Centre Lane,tb2,All weeks,Winter,312465.0,30
Jul,Eastbound Centre Lane,tb3,All weeks,Winter,20519.0,30
Jul,Eastbound Centre Lane,total_flow,All weeks,Winter,4179982.0,30
Jul,Eastbound Centre Lane,trt,All weeks,Winter,0.0,30
Jul,Eastbound Centre Lane,ucv,All weeks,Winter,29.0,30
Jul,Eastbound Left Lane,art3,All weeks,Winter,1272.0,30
Jul,Eastbound Left Lane,art4,All weeks,Winter,786.0,30
Jul,Eastbound Left Lane,art5,All weeks,Winter,158.0,30
Jul,Eastbound Left Lane,art6,All weeks,Winter,504.0,30
Jul,Eastbound Left Lane,bd,All weeks,Winter,45.0,30
Jul,Eastbound Left Lane,drt,All weeks,Winter,0.0,30
Jul,Eastbound Left Lane,sv,All weeks,Winter,1022741.0,30
Jul,Eastbound Left Lane,svt,All weeks,Winter,6010.0,30
Jul,Eastbound Left Lane,t4,All weeks,Winter,1011.0,30
Jul,Eastbound Left Lane,tb2,All weeks,Winter,60375.0,30
Jul,Eastbound Left Lane,tb3,All weeks,Winter,2013.0,30
Jul,Eastbound Left Lane,total_flow,All weeks,Winter,1094926.0,30
Jul,Eastbound Left Lane,trt,All weeks,Winter,0.0,30
Jul,Eastbound Left Lane,ucv,All weeks,Winter,11.0,30
Jul,Eastbound Right Lane,art3,All weeks,Winter,1522.0,30
Jul,Eastbound Right Lane,art4,All weeks,Winter,1560.0,30
Jul,Eastbound Right Lane,art5,All weeks,Winter,244.0,30
Jul,Eastbound Right Lane,art6,All weeks,Winter,1136.0,30
Jul,Eastbound Right Lane,bd,All weeks,Winter,208.0,30
Jul,Eastbound Right Lane,drt,All weeks,Winter,4.0,30
Jul,Eastbound Right Lane,sv,All weeks,Winter,1904027.0,30
Jul,Eastbound Right Lane,svt,All weeks,Winter,16783.0,30
Jul,Eastbound Right Lane,t4,All weeks,Winter,931.0,30
Jul,Eastbound Right Lane,tb2,All weeks,Winter,115229.0,30
Jul,Eastbound Right Lane,tb3,All weeks,Winter,2728.0,30
Jul,Eastbound Right Lane,total_flow,All weeks,Winter,2044392.0,30
Jul,Eastbound Right Lane,trt,All weeks,Winter,0.0,30
Jul,Eastbound Right Lane,ucv,All weeks,Winter,20.0,30
Jul,Westbound Centre Lane,art3,All weeks,Winter,3094.0,30
Jul,Westbound Centre Lane,art4,All weeks,Winter,2247.0,30
Jul,Westbound Centre Lane,art5,All weeks,Winter,553.0,30
Jul,Westbound Centre Lane,art6,All weeks,Winter,1467.0,30
Jul,Westbound Centre Lane,bd,All weeks,Winter,155.0,30
Jul,Westbound Centre Lane,drt,All weeks,Winter,5.0,30
Jul,Westbound Centre Lane,sv,All weeks,Winter,1877613.0,30
Jul,Westbound Centre Lane,svt,All weeks,Winter,15513.0,30
Jul,Westbound Centre Lane,t4,All weeks,Winter,1755.0,30
Jul,Westbound Centre Lane,tb2,All weeks,Winter,142487.0,30
Jul,Westbound Centre Lane,tb3,All weeks,Winter,4801.0,30
Jul,Westbound Centre Lane,total_flow,All weeks,Winter,2050040.0,30
Jul,Westbound Centre Lane,trt,All weeks,Winter,1.0,30
Jul,Westbound Centre Lane,ucv,All weeks,Winter,349.0,30
Jul,Westbound Left Lane,art3,All weeks,Winter,8820.0,30
Jul,Westbound Left Lane,art4,All weeks,Winter,6579.0,30
Jul,Westbound Left Lane,art5,All weeks,Winter,2695.0,30
Jul,Westbound Left Lane,art6,All weeks,Winter,15930.0,30
Jul,Westbound Left Lane,bd,All weeks,Winter,3113.0,30
Jul,Westbound Left Lane,drt,All weeks,Winter,14.0,30
Jul,Westbound Left Lane,sv,All weeks,Winter,4173264.0,30
Jul,Westbound Left Lane,svt,All weeks,Winter,39886.0,30
Jul,Westbound Left Lane,t4,All weeks,Winter,8722.0,30
Jul,Westbound Left Lane,tb2,All weeks,Winter,387270.0,30
Jul,Westbound Left Lane,tb3,All weeks,Winter,20876.0,30
Jul,Westbound Left Lane,total_flow,All weeks,Winter,4667515.0,30
Jul,Westbound Left Lane,trt,All weeks,Winter,0.0,30
Jul,Westbound Left Lane,ucv,All weeks,Winter,346.0,30
Jul,Westbound Right Lane (Tidal Flow 7:00am - 9:00am W,art3,All weeks,Winter,204.0,30
Jul,Westbound Right Lane (Tidal Flow 7:00am - 9:00am W,art4,All weeks,Winter,132.0,30
Jul,Westbound Right Lane (Tidal Flow 7:00am - 9:00am W,art5,All weeks,Winter,13.0,30
Jul,Westbound Right Lane (Tidal Flow 7:00am - 9:00am W,art6,All weeks,Winter,26.0,30
Jul,Westbound Right Lane (Tidal Flow 7:00am - 9:00am W,bd,All weeks,Winter,2.0,30
Jul,Westbound Right Lane (Tidal Flow 7:00am - 9:00am W,drt,All weeks,Winter,1.0,30
Jul,Westbound Right Lane (Tidal Flow 7:00am - 9:00am W,sv,All weeks,Winter,311597.0,30
Jul,Westbound Right Lane (Tidal Flow 7:00am - 9:00am W,svt,All weeks,Winter,1221.0,30
Jul,Westbound Right Lane (Tidal Flow 7:00am - 9:00am W,t4,All weeks,Winter,57.0,30
Jul,Westbound Right Lane (Tidal Flow 7:00am - 9:00am W,tb2,All weeks,Winter,20185.0,30
Jul,Westbound Right Lane (Tidal Flow 7:00am - 9:00am W,tb3,All weeks,Winter,201.0,30
Jul,Westbound Right Lane (Tidal Flow 7:00am - 9:00am W,total_flow,All weeks,Winter,333652.0,30
Jul,Westbound Right Lane (Tidal Flow 7:00am - 9:00am W,trt,All weeks,Winter,0.0,30
Jul,Westbound Right Lane (Tidal Flow 7:00am - 9:00am W,ucv,All weeks,Winter,13.0,30
Jun,All directions,art3,All weeks,Winter,22789.0,30
Jun,All directions,art4,All weeks,Winter,16909.0,30
Jun,All directions,art5,All weeks,Winter,7109.0,30
Jun,All directions,art6,All weeks,Winter,35464.0,30
Jun,All directions,bd,All weeks,Winter,6103.0,30
Jun,All directions,drt,All weeks,Winter,46.0,30
Jun,All directions,sv,All weeks,Winter,12511230.0,30
Jun,All directions,svt,All weeks,Winter,113814.0,30
Jun,All directions,t4,All weeks,Winter,20709.0,30
Jun,All directions,tb2,All weeks,Winter,994488.0,30
Jun,All directions,tb3,All weeks,Winter,47609.0,30
Jun,All directions,total_flow,All weeks,Winter,13776981.0,30
Jun,All directions,trt,All weeks,Winter,3.0,30
Jun,All directions,ucv,All weeks,Winter,708.0,30
Jun,Eastbound Centre Lane,art3,All weeks,Winter,8357.0,30
Jun,Eastbound Centre Lane,art4,All weeks,Winter,6037.0,30
Jun,Eastbound Centre Lane,art5,All weeks,Winter,3269.0,30
Jun,Eastbound Centre Lane,art6,All weeks,Winter,17912.0,30
Jun,Eastbound Centre Lane,bd,All weeks,Winter,2899.0,30
Jun,Eastbound Centre Lane,drt,All weeks,Winter,12.0,30
Jun,Eastbound Centre Lane,sv,All weeks,Winter,3609410.0,30
Jun,Eastbound Centre Lane,svt,All weeks,Winter,35649.0,30
Jun,Eastbound Centre Lane,t4,All weeks,Winter,8684.0,30
Jun,Eastbound Centre Lane,tb2,All weeks,Winter,299805.0,30
Jun,Eastbound Centre Lane,tb3,All weeks,Winter,19124.0,30
Jun,Eastbound Centre Lane,total_flow,All weeks,Winter,4011184.0,30
Jun,Eastbound Centre Lane,trt,All weeks,Winter,0.0,30
Jun,Eastbound Centre Lane,ucv,All weeks,Winter,26.0,30
Jun,Eastbound Left Lane,art3,All weeks,Winter,1197.0,30
Jun,Eastbound Left Lane,art4,All weeks,Winter,828.0,30
Jun,Eastbound Left Lane,art5,All weeks,Winter,125.0,30
Jun,Eastbound Left Lane,art6,All weeks,Winter,405.0,30
Jun,Eastbound Left Lane,bd,All weeks,Winter,38.0,30
Jun,Eastbound Left Lane,drt,All weeks,Winter,0.0,30
Jun,Eastbound Left Lane,sv,All weeks,Winter,995103.0,30
Jun,Eastbound Left Lane,svt,All weeks,Winter,5911.0,30
Jun,Eastbound Left Lane,t4,All weeks,Winter,950.0,30
Jun,Eastbound Left Lane,tb2,All weeks,Winter,58535.0,30
Jun,Eastbound Left Lane,tb3,All weeks,Winter,2000.0,30
Jun,Eastbound Left Lane,total_flow,All weeks,Winter,1065096.0,30
Jun,Eastbound Left Lane,trt,All weeks,Winter,0.0,30
Jun,Eastbound Left Lane,ucv,All weeks,Winter,4.0,30
Jun,Eastbound Right Lane,art3,All weeks,Winter,1485.0,30
Jun,Eastbound Right Lane,art4,All weeks,Winter,1515.0,30
Jun,Eastbound Right Lane,art5,All weeks,Winter,269.0,30
Jun,Eastbound Right Lane,art6,All weeks,Winter,1153.0,30
Jun,Eastbound Right Lane,bd,All weeks,Winter,204.0,30
Jun,Eastbound Right Lane,drt,All weeks,Winter,1.0,30
Jun,Eastbound Right Lane,sv,All weeks,Winter,1815303.0,30
Jun,Eastbound Right Lane,svt,All weeks,Winter,16186.0,30
Jun,Eastbound Right Lane,t4,All weeks,Winter,1001.0,30
Jun,Eastbound Right Lane,tb2,All weeks,Winter,110979.0,30
Jun,Eastbound Right Lane,tb3,All weeks,Winter,2469.0,30
Jun,Eastbound Right Lane,total_flow,All weeks,Winter,1950577.0,30
Jun,Eastbound Right Lane,trt,All weeks,Winter,0.0,30
Jun,Eastbound Right Lane,ucv,All weeks,Winter,12.0,30
Jun,Westbound Centre Lane,art3,All weeks,Winter,3104.0,30
Jun,Westbound Centre Lane,art4,All weeks,Winter,2298.0,30
Jun,Westbound Centre Lane,art5,All weeks,Winter,615.0,30
Jun,Westbound Centre Lane,art6,All weeks,Winter,1295.0,30
Jun,Westbound Centre Lane,bd,All weeks,Winter,169.0,30
Jun,Westbound Centre Lane,drt,All weeks,Winter,8.0,30
Jun,Westbound Centre Lane,sv,All weeks,Winter,1819974.0,30
Jun,Westbound Centre Lane,svt,All weeks,Winter,16096.0,30
Jun,Westbound Centre Lane,t4,All weeks,Winter,1761.0,30
Jun,Westbound Centre Lane,tb2,All weeks,Winter,139342.0,30
Jun,Westbound Centre Lane,tb3,All weeks,Winter,4711.0,30
Jun,Westbound Centre Lane,total_flow,All weeks,Winter,1989713.0,30
Jun,Westbound Centre Lane,trt,All weeks,Winter,2.0,30
Jun,Westbound Centre Lane,ucv,All weeks,Winter,338.0,30
Jun,Westbound Left Lane,art3,All weeks,Winter,8379.0,30
Jun,Westbound Left Lane,art4,All weeks,Winter,6106.0,30
Jun,Westbound Left Lane,art5,All weeks,Winter,2803.0,30
Jun,Westbound Left Lane,art6,All weeks,Winter,14648.0,30
Jun,Westbound Left Lane,bd,All weeks,Winter,2792.0,30
Jun,Westbound Left Lane,drt,All weeks,Winter,23.0,30
Jun,Westbound Left Lane,sv,All weeks,Winter,3936798.0,30
Jun,Westbound Left Lane,svt,All weeks,Winter,38655.0,30
Jun,Westbound Left Lane,t4,All weeks,Winter,8260.0,30
Jun,Westbound Left Lane,tb2,All weeks,Winter,364110.0,30
Jun,Westbound Left Lane,tb3,All weeks,Winter,19022.0,30
Jun,Westbound Left Lane,total_flow,All weeks,Winter,4401911.0,30
Jun,Westbound Left Lane,trt,All weeks,Winter,1.0,30
Jun,Westbound Left Lane,ucv,All weeks,Winter,314.0,30
Jun,Westbound Right Lane (Tidal Flow 7:00am - 9:00am W,art3,All weeks,Winter,267.0,30
Jun,Westbound Right Lane (Tidal Flow 7:00am - 9:00am W,art4,All weeks,Winter,125.0,30
Jun,Westbound Right Lane (Tidal Flow 7:00am - 9:00am W,art5,All weeks,Winter,28.0,30
Jun,Westbound Right Lane (Tidal Flow 7:00am - 9:00am W,art6,All weeks,Winter,51.0,30
Jun,Westbound Right Lane (Tidal Flow 7:00am - 9:00am W,bd,All weeks,Winter,1.0,30
Jun,Westbound Right Lane (Tidal Flow 7:00am - 9:00am W,drt,All weeks,Winter,2.0,30
Jun,Westbound Right Lane (Tidal Flow 7:00am - 9:00am W,sv,All weeks,Winter,334642.0,30
Jun,Westbound Right Lane (Tidal Flow 7:00am - 9:00am W,svt,All weeks,Winter,1317.0,30
Jun,Westbound Right Lane (Tidal Flow 7:00am - 9:00am W,t4,All weeks,Winter,53.0,30
Jun,Westbound Right Lane (Tidal Flow 7:00am - 9:00am W,tb2,All weeks,Winter,21717.0,30
Jun,Westbound Right Lane (Tidal Flow 7:00am - 9:00am W,tb3,All weeks,Winter,283.0,30
Jun,Westbound Right Lane (Tidal Flow 7:00am - 9:00am W,total_flow,All weeks,Winter,358500.0,30
Jun,Westbound Right Lane (Tidal Flow 7:00am - 9:00am W,trt,All weeks,Winter,0.0,30
Jun,Westbound Right Lane (Tidal Flow 7:00am - 9:00am W,ucv,All weeks,Winter,14.0,30
Mar,All directions,art3,All weeks,Autumn,35405.0,40
Mar,All directions,art4,All weeks,Autumn,25672.0,40
Mar,All directions,art5,All weeks,Autumn,10098.0,40
Mar,All directions,art6,All weeks,Autumn,50303.0,40
Mar,All directions,bd,All weeks,Autumn,9334.0,40
Mar,All directions,drt,All weeks,Autumn,77.0,40
Mar,All directions,sv,All weeks,Autumn,17023620.0,40
Mar,All directions,svt,All weeks,Autumn,180954.0,40
Mar,All directions,t4,All weeks,Autumn,28105.0,40
Mar,All directions,tb2,All weeks,Autumn,1327050.0,40
Mar,All directions,tb3,All weeks,Autumn,66205.0,40
Mar,All directions,total_flow,All weeks,Autumn,18757890.0,40
Mar,All directions,trt,All weeks,Autumn,3.0,40
Mar,All directions,ucv,All weeks,Autumn,1064.0,40
Mar,Eastbound Centre Lane,art3,All weeks,Autumn,12749.0,40
Mar,Eastbound Centre Lane,art4,All weeks,Autumn,9508.0,40
Mar,Eastbound Centre Lane,art5,All weeks,Autumn,4300.0,40
Mar,Eastbound Centre Lane,art6,All weeks,Autumn,25064.0,40
Mar,Eastbound Centre Lane,bd,All weeks,Autumn,4512.0,40
Mar,Eastbound Centre Lane,drt,All weeks,Autumn,22.0,40
Mar,Eastbound Centre Lane,sv,All weeks,Autumn,4861719.0,40
Mar,Eastbound Centre Lane,svt,All weeks,Autumn,58452.0,40
Mar,Eastbound Centre Lane,t4,All weeks,Autumn,11906.0,40
Mar,Eastbound Centre Lane,tb2,All weeks,Autumn,401228.0,40
Mar,Eastbound Centre Lane,tb3,All weeks,Autumn,26614.0,40
Mar,Eastbound Centre Lane,total_flow,All weeks,Autumn,5416126.0,40
Mar,Eastbound Centre Lane,trt,All weeks,Autumn,0.0,40
Mar,Eastbound Centre Lane,ucv,All weeks,Autumn,52.0,40
Mar,Eastbound Left Lane,art3,All weeks,Autumn,1572.0,40
Mar,Eastbound Left Lane,art4,All weeks,Autumn,1144.0,40
Mar,Eastbound Left Lane,art5,All weeks,Autumn,266.0,40
Mar,Eastbound Left Lane,art6,All weeks,Autumn,813.0,40
Mar,Eastbound Left Lane,bd,All weeks,Autumn,89.0,40
Mar,Eastbound Left Lane,drt,All weeks,Autumn,0.0,40
Mar,Eastbound Left Lane,sv,All weeks,Autumn,1342807.0,40
Mar,Eastbound Left Lane,svt,All weeks,Autumn,9292.0,40
Mar,Eastbound Left Lane,t4,All weeks,Autumn,1236.0,40
Mar,Eastbound Left Lane,tb2,All weeks,Autumn,76856.0,40
Mar,Eastbound Left Lane,tb3,All weeks,Autumn,2686.0,40
Mar,Eastbound Left Lane,total_flow,All weeks,Autumn,1436766.0,40
Mar,Eastbound Left Lane,trt,All weeks,Autumn,0.0,40
Mar,Eastbound Left Lane,ucv,All weeks,Autumn,5.0,40
Mar,Eastbound Right Lane,art3,All weeks,Autumn,2726.0,40
Mar,Eastbound Right Lane,art4,All weeks,Autumn,2258.0,40
Mar,Eastbound Right Lane,art5,All weeks,Autumn,452.0,40
Mar,Eastbound Right Lane,art6,All weeks,Autumn,1937.0,40
Mar,Eastbound Right Lane,bd,All weeks,Autumn,258.0,40
Mar,Eastbound Right Lane,drt,All weeks,Autumn,0.0,40
Mar,Eastbound Right Lane,sv,All weeks,Autumn,2580076.0,40
Mar,Eastbound Right Lane,svt,All weeks,Autumn,26248.0,40
Mar,Eastbound Right Lane,t4,All weeks,Autumn,1345.0,40
Mar,Eastbound Right Lane,tb2,All weeks,Autumn,152035.0,40
Mar,Eastbound Right Lane,tb3,All weeks,Autumn,3594.0,40
Mar,Eastbound Right Lane,total_flow,All weeks,Autumn,2770958.0,40
Mar,Eastbound Right Lane,trt,All weeks,Autumn,0.0,40
Mar,Eastbound Right Lane,ucv,All weeks,Autumn,29.0,40
Mar,Westbound Centre Lane,art3,All weeks,Autumn,4893.0,40
Mar,Westbound Centre Lane,art4,All weeks,Autumn,3490.0,40
Mar,Westbound Centre Lane,art5,All weeks,Autumn,1047.0,40
Mar,Westbound Centre Lane,art6,All weeks,Autumn,2134.0,40
Mar,Westbound Centre Lane,bd,All weeks,Autumn,440.0,40
Mar,Westbound Centre Lane,drt,All weeks,Autumn,21.0,40
Mar,Westbound Centre Lane,sv,All weeks,Autumn,2479775.0,40
Mar,Westbound Centre Lane,svt,All weeks,Autumn,25899.0,40
Mar,Westbound Centre Lane,t4,All weeks,Autumn,2436.0,40
Mar,Westbound Centre Lane,tb2,All weeks,Autumn,191075.0,40
Mar,Westbound Centre Lane,tb3,All weeks,Autumn,6522.0,40
Mar,Westbound Centre Lane,total_flow,All weeks,Autumn,2718209.0,40
Mar,Westbound Centre Lane,trt,All weeks,Autumn,2.0,40
Mar,Westbound Centre Lane,ucv,All weeks,Autumn,475.0,40
Mar,Westbound Left Lane,art3,All weeks,Autumn,13037.0,40
Mar,Westbound Left Lane,art4,All weeks,Autumn,9025.0,40
Mar,Westbound Left Lane,art5,All weeks,Autumn,3982.0,40
Mar,Westbound Left Lane,art6,All weeks,Autumn,20268.0,40
Mar,Westbound Left Lane,bd,All weeks,Autumn,4030.0,40
Mar,Westbound Left Lane,drt,All weeks,Autumn,34.0,40
Mar,Westbound Left Lane,sv,All weeks,Autumn,5290288.0,40
Mar,Westbound Left Lane,svt,All weeks,Autumn,58960.0,40
Mar,Westbound Left Lane,t4,All weeks,Autumn,11061.0,40
Mar,Westbound Left Lane,tb2,All weeks,Autumn,475320.0,40
Mar,Westbound Left Lane,tb3,All weeks,Autumn,26439.0,40
Mar,Westbound Left Lane,total_flow,All weeks,Autumn,5912907.0,40
Mar,Westbound Left Lane,trt,All weeks,Autumn,1.0,40
Mar,Westbound Left Lane,ucv,All weeks,Autumn,462.0,40
Mar,Westbound Right Lane (Tidal Flow 7:00am - 9:00am W,art3,All weeks,Autumn,428.0,40
Mar,Westbound Right Lane (Tidal Flow 7:00am - 9:00am W,art4,All weeks,Autumn,247.0,40
Mar,Westbound Right Lane (Tidal Flow 7:00am - 9:00am W,art5,All weeks,Autumn,51.0,40
Mar,Westbound Right Lane (Tidal Flow 7:00am - 9:00am W,art6,All weeks,Autumn,87.0,40
Mar,Westbound Right Lane (Tidal Flow 7:00am - 9:00am W,bd,All weeks,Autumn,5.0,40
Mar,Westbound Right Lane (Tidal Flow 7:00am - 9:00am W,drt,All weeks,Autumn,0.0,40
Mar,Westbound Right Lane (Tidal Flow 7:00am - 9:00am W,sv,All weeks,Autumn,468955.0,40
Mar,Westbound Right Lane (Tidal Flow 7:00am - 9:00am W,svt,All weeks,Autumn,2103.0,40
Mar,Westbound Right Lane (Tidal Flow 7:00am - 9:00am W,t4,All weeks,Autumn,121.0,40
Mar,Westbound Right Lane (Tidal Flow 7:00am - 9:00am W,tb2,All weeks,Autumn,30536.0,40
Mar,Westbound Right Lane (Tidal Flow 7:00am - 9:00am W,tb3,All weeks,Autumn,350.0,40
Mar,Westbound Right Lane (Tidal Flow 7:00am - 9:00am W,total_flow,All weeks,Autumn,502924.0,40
Mar,Westbound Right Lane (Tidal Flow 7:00am - 9:00am W,trt,All weeks,Autumn,0.0,40
Mar,Westbound Right Lane (Tidal Flow 7:00am - 9:00am W,ucv,All weeks,Autumn,41.0,40
May,All directions,art3,All weeks,Autumn,28196.0,34
May,All directions,art4,All weeks,Autumn,20854.0,34
May,All directions,art5,All weeks,Autumn,8253.0,34
May,All directions,art6,All weeks,Autumn,45320.0,34
May,All directions,bd,All weeks,Autumn,8145.0,34
May,All directions,drt,All weeks,Autumn,56.0,34
May,All directions,sv,All weeks,Autumn,14745926.0,34
May,All directions,svt,All weeks,Autumn,136123.0,34
May,All directions,t4,All weeks,Autumn,25825.0,34
May,All directions,tb2,All weeks,Autumn,1175025.0,34
May,All directions,tb3,All weeks,Autumn,60578.0,34
May,All directions,total_flow,All weeks,Autumn,16255194.0,34
May,All directions,trt,All weeks,Autumn,3.0,34
May,All directions,ucv,All weeks,Autumn,890.0,34
May,Eastbound Centre Lane,art3,All weeks,Autumn,10228.0,34
May,Eastbound Centre Lane,art4,All weeks,Autumn,7427.0,34
May,Eastbound Centre Lane,art5,All weeks,Autumn,3790.0,34
May,Eastbound Centre Lane,art6,All weeks,Autumn,22626.0,34
May,Eastbound Centre Lane,bd,All weeks,Autumn,3813.0,34
May,Eastbound Centre Lane,drt,All weeks,Autumn,14.0,34
May,Eastbound Centre Lane,sv,All weeks,Autumn,4219122.0,34
May,Eastbound Centre Lane,svt,All weeks,Autumn,42569.0,34
May,Eastbound Centre Lane,t4,All weeks,Autumn,11006.0,34
May,Eastbound Centre Lane,tb2,All weeks,Autumn,354685.0,34
May,Eastbound Centre Lane,tb3,All weeks,Autumn,24645.0,34
May,Eastbound Centre Lane,total_flow,All weeks,Autumn,4699964.0,34
May,Eastbound Centre Lane,trt,All weeks,Autumn,0.0,34
May,Eastbound Centre Lane,ucv,All weeks,Autumn,39.0,34
May,Eastbound Left Lane,art3,All weeks,Autumn,1451.0,34
May,Eastbound Left Lane,art4,All weeks,Autumn,974.0,34
May,Eastbound Left Lane,art5,All weeks,Autumn,190.0,34
May,Eastbound Left Lane,art6,All weeks,Autumn,656.0,34
May,Eastbound Left Lane,bd,All weeks,Autumn,38.0,34
May,Eastbound Left Lane,drt,All weeks,Autumn,0.0,34
May,Eastbound Left Lane,sv,All weeks,Autumn,1176096.0,34
May,Eastbound Left Lane,svt,All weeks,Autumn,7281.0,34
May,Eastbound Left Lane,t4,All weeks,Autumn,1144.0,34
May,Eastbound Left Lane,tb2,All weeks,Autumn,69445.0,34
May,Eastbound Left Lane,tb3,All weeks,Autumn,2393.0,34
May,Eastbound Left Lane,total_flow,All weeks,Autumn,1259670.0,34
May,Eastbound Left Lane,trt,All weeks,Autumn,0.0,34
May,Eastbound Left Lane,ucv,All weeks,Autumn,2.0,34
May,Eastbound Right Lane,art3,All weeks,Autumn,1829.0,34
May,Eastbound Right Lane,art4,All weeks,Autumn,1756.0,34
May,Eastbound Right Lane,art5,All weeks,Autumn,331.0,34
May,Eastbound Right Lane,art6,All weeks,Autumn,1474.0,34
May,Eastbound Right Lane,bd,All weeks,Autumn,224.0,34
May,Eastbound Right Lane,drt,All weeks,Autumn,2.0,34
May,Eastbound Right Lane,sv,All weeks,Autumn,2171587.0,34
May,Eastbound Right Lane,svt,All weeks,Autumn,19769.0,34
May,Eastbound Right Lane,t4,All weeks,Autumn,1102.0,34
May,Eastbound Right Lane,tb2,All weeks,Autumn,127744.0,34
May,Eastbound Right Lane,tb3,All weeks,Autumn,3169.0,34
May,Eastbound Right Lane,total_flow,All weeks,Autumn,2329011.0,34
May,Eastbound Right Lane,trt,All weeks,Autumn,0.0,34
May,Eastbound Right Lane,ucv,All weeks,Autumn,24.0,34
May,Westbound Centre Lane,art3,All weeks,Autumn,3745.0,34
May,Westbound Centre Lane,art4,All weeks,Autumn,2843.0,34
May,Westbound Centre Lane,art5,All weeks,Autumn,662.0,34
May,Westbound Centre Lane,art6,All weeks,Autumn,1643.0,34
May,Westbound Centre Lane,bd,All weeks,Autumn,301.0,34
May,Westbound Centre Lane,drt,All weeks,Autumn,15.0,34
May,Westbound Centre Lane,sv,All weeks,Autumn,2126414.0,34
May,Westbound Centre Lane,svt,All weeks,Autumn,18879.0,34
May,Westbound Centre Lane,t4,All weeks,Autumn,2276.0,34
May,Westbound Centre Lane,tb2,All weeks,Autumn,163994.0,34
May,Westbound Centre Lane,tb3,All weeks,Autumn,5592.0,34
May,Westbound Centre Lane,total_flow,All weeks,Autumn,2326742.0,34
May,Westbound Centre Lane,trt,All weeks,Autumn,3.0,34
May,Westbound Centre Lane,ucv,All weeks,Autumn,375.0,34
May,Westbound Left Lane,art3,All weeks,Autumn,10668.0,34
May,Westbound Left Lane,art4,All weeks,Autumn,7644.0,34
May,Westbound Left Lane,art5,All weeks,Autumn,3259.0,34
May,Westbound Left Lane,art6,All weeks,Autumn,18861.0,34
May,Westbound Left Lane,bd,All weeks,Autumn,3763.0,34
May,Westbound Left Lane,drt,All weeks,Autumn,25.0,34
May,Westbound Left Lane,sv,All weeks,Autumn,4649501.0,34
May,Westbound Left Lane,svt,All weeks,Autumn,45983.0,34
May,Westbound Left Lane,t4,All weeks,Autumn,10217.0,34
May,Westbound Left Lane,tb2,All weeks,Autumn,433000.0,34
May,Westbound Left Lane,tb3,All weeks,Autumn,24483.0,34
May,Westbound Left Lane,total_flow,All weeks,Autumn,5207828.0,34
May,Westbound Left Lane,trt,All weeks,Autumn,0.0,34
May,Westbound Left Lane,ucv,All weeks,Autumn,424.0,34
May,Westbound Right Lane (Tidal Flow 7:00am - 9:00am W,art3,All weeks,Autumn,275.0,34
May,Westbound Right Lane (Tidal Flow 7:00am - 9:00am W,art4,All weeks,Autumn,210.0,34
May,Westbound Right Lane (Tidal Flow 7:00am - 9:00am W,art5,All weeks,Autumn,21.0,34
May,Westbound Right Lane (Tidal Flow 7:00am - 9:00am W,art6,All weeks,Autumn,60.0,34
May,Westbound Right Lane (Tidal Flow 7:00am - 9:00am W,bd,All weeks,Autumn,6.0,34
May,Westbound Right Lane (Tidal Flow 7:00am - 9:00am W,drt,All weeks,Autumn,0.0,34
May,Westbound Right Lane (Tidal Flow 7:00am - 9:00am W,sv,All weeks,Autumn,403206.0,34
May,Westbound Right Lane (Tidal Flow 7:00am - 9:00am W,svt,All weeks,Autumn,1642.0,34
May,Westbound Right Lane (Tidal Flow 7:00am - 9:00am W,t4,All weeks,Autumn,80.0,34
May,Westbound Right Lane (Tidal Flow 7:00am - 9:00am W,tb2,All weeks,Autumn,26157.0,34
May,Westbound Right Lane (Tidal Flow 7:00am - 9:00am W,tb3,All weeks,Autumn,296.0,34
May,Westbound Right Lane (Tidal Flow 7:00am - 9:00am W,total_flow,All weeks,Autumn,431979.0,34
May,Westbound Right Lane (Tidal Flow 7:00am - 9:00am W,trt,All weeks,Autumn,0.0,34
May,Westbound Right Lane (Tidal Flow 7:00am - 9:00am W,ucv,All weeks,Autumn,26.0,34
Nov,All directions,art3,All weeks,Spring,31447.0,34
Nov,All directions,art4,All weeks,Spring,20708.0,34
Nov,All directions,art5,All weeks,Spring,8909.0,34
Nov,All directions,art6,All weeks,Spring,45830.0,34
Nov,All directions,bd,All weeks,Spring,8506.0,34
Nov,All directions,drt,All weeks,Spring,56.0,34
Nov,All directions,sv,All weeks,Spring,15147339.0,34
Nov,All directions,svt,All weeks,Spring,149777.0,34
Nov,All directions,t4,All weeks,Spring,24472.0,34
Nov,All directions,tb2,All weeks,Spring,1133918.0,34
Nov,All directions,tb3,All weeks,Spring,58136.0,34
Nov,All directions,total_flow,All weeks,Spring,16630039.0,34
Nov,All directions,trt,All weeks,Spring,5.0,34
Nov,All directions,ucv,All weeks,Spring,936.0,34
Nov,Eastbound Centre Lane,art3,All weeks,Spring,11276.0,34
Nov,Eastbound Centre Lane,art4,All weeks,Spring,7410.0,34
Nov,Eastbound Centre Lane,art5,All weeks,Spring,3850.0,34
Nov,Eastbound Centre Lane,art6,All weeks,Spring,22987.0,34
Nov,Eastbound Centre Lane,bd,All weeks,Spring,4228.0,34
Nov,Eastbound Centre Lane,drt,All weeks,Spring,11.0,34
Nov,Eastbound Centre Lane,sv,All weeks,Spring,4287621.0,34
Nov,Eastbound Centre Lane,svt,All weeks,Spring,46621.0,34
Nov,Eastbound Centre Lane,t4,All weeks,Spring,10552.0,34
Nov,Eastbound Centre Lane,tb2,All weeks,Spring,342100.0,34
Nov,Eastbound Centre Lane,tb3,All weeks,Spring,23441.0,34
Nov,Eastbound Centre Lane,total_flow,All weeks,Spring,4760140.0,34
Nov,Eastbound Centre Lane,trt,All weeks,Spring,0.0,34
Nov,Eastbound Centre Lane,ucv,All weeks,Spring,43.0,34
Nov,Eastbound Left Lane,art3,All weeks,Spring,1589.0,34
Nov,Eastbound Left Lane,art4,All weeks,Spring,986.0,34
Nov,Eastbound Left Lane,art5,All weeks,Spring,225.0,34
Nov,Eastbound Left Lane,art6,All weeks,Spring,612.0,34
Nov,Eastbound Left Lane,bd,All weeks,Spring,52.0,34
Nov,Eastbound Left Lane,drt,All weeks,Spring,1.0,34
Nov,Eastbound Left Lane,sv,All weeks,Spring,1197401.0,34
Nov,Eastbound Left Lane,svt,All weeks,Spring,8111.0,34
Nov,Eastbound Left Lane,t4,All weeks,Spring,882.0,34
Nov,Eastbound Left Lane,tb2,All weeks,Spring,66097.0,34
Nov,Eastbound Left Lane,tb3,All weeks,Spring,2172.0,34
Nov,Eastbound Left Lane,total_flow,All weeks,Spring,1278134.0,34
Nov,Eastbound Left Lane,trt,All weeks,Spring,0.0,34
Nov,Eastbound Left Lane,ucv,All weeks,Spring,6.0,34
Nov,Eastbound Right Lane,art3,All weeks,Spring,2118.0,34
Nov,Eastbound Right Lane,art4,All weeks,Spring,1739.0,34
Nov,Eastbound Right Lane,art5,All weeks,Spring,410.0,34
Nov,Eastbound Right Lane,art6,All weeks,Spring,1685.0,34
Nov,Eastbound Right Lane,bd,All weeks,Spring,241.0,34
Nov,Eastbound Right Lane,drt,All weeks,Spring,3.0,34
Nov,Eastbound Right Lane,sv,All weeks,Spring,2290793.0,34
Nov,Eastbound Right Lane,svt,All weeks,Spring,22070.0,34
Nov,Eastbound Right Lane,t4,All weeks,Spring,1123.0,34
Nov,Eastbound Right Lane,tb2,All weeks,Spring,123517.0,34
Nov,Eastbound Right Lane,tb3,All weeks,Spring,3255.0,34
Nov,Eastbound Right Lane,total_flow,All weeks,Spring,2446963.0,34
Nov,Eastbound Right Lane,trt,All weeks,Spring,0.0,34
Nov,Eastbound Right Lane,ucv,All weeks,Spring,9.0,34
Nov,Westbound Centre Lane,art3,All weeks,Spring,4515.0,34
Nov,Westbound Centre Lane,art4,All weeks,Spring,2770.0,34
Nov,Westbound Centre Lane,art5,All weeks,Spring,846.0,34
Nov,Westbound Centre Lane,art6,All weeks,Spring,1843.0,34
Nov,Westbound Centre Lane,bd,All weeks,Spring,400.0,34
Nov,Westbound Centre Lane,drt,All weeks,Spring,17.0,34
Nov,Westbound Centre Lane,sv,All weeks,Spring,2235503.0,34
Nov,Westbound Centre Lane,svt,All weeks,Spring,21360.0,34
Nov,Westbound Centre Lane,t4,All weeks,Spring,1977.0,34
Nov,Westbound Centre Lane,tb2,All weeks,Spring,164327.0,34
Nov,Westbound Centre Lane,tb3,All weeks,Spring,5589.0,34
Nov,Westbound Centre Lane,total_flow,All weeks,Spring,2439564.0,34
Nov,Westbound Centre Lane,trt,All weeks,Spring,1.0,34
Nov,Westbound Centre Lane,ucv,All weeks,Spring,416.0,34
Nov,Westbound Left Lane,art3,All weeks,Spring,11577.0,34
Nov,Westbound Left Lane,art4,All weeks,Spring,7620.0,34
Nov,Westbound Left Lane,art5,All weeks,Spring,3552.0,34
Nov,Westbound Left Lane,art6,All weeks,Spring,18639.0,34
Nov,Westbound Left Lane,bd,All weeks,Spring,3575.0,34
Nov,Westbound Left Lane,drt,All weeks,Spring,22.0,34
Nov,Westbound Left Lane,sv,All weeks,Spring,4719560.0,34
Nov,Westbound Left Lane,svt,All weeks,Spring,49873.0,34
Nov,Westbound Left Lane,t4,All weeks,Spring,9881.0,34
Nov,Westbound Left Lane,tb2,All weeks,Spring,411584.0,34
Nov,Westbound Left Lane,tb3,All weeks,Spring,23383.0,34
Nov,Westbound Left Lane,total_flow,All weeks,Spring,5259707.0,34
Nov,Westbound Left Lane,trt,All weeks,Spring,3.0,34
Nov,Westbound Left Lane,ucv,All weeks,Spring,438.0,34
Nov,Westbound Right Lane (Tidal Flow 7:00am - 9:00am W,art3,All weeks,Spring,372.0,34
Nov,Westbound Right Lane (Tidal Flow 7:00am - 9:00am W,art4,All weeks,Spring,183.0,34
Nov,Westbound Right Lane (Tidal Flow 7:00am - 9:00am W,art5,All weeks,Spring,26.0,34
Nov,Westbound Right Lane (Tidal Flow 7:00am - 9:00am W,art6,All weeks,Spring,64.0,34
Nov,Westbound Right Lane (Tidal Flow 7:00am - 9:00am W,bd,All weeks,Spring,10.0,34
Nov,Westbound Right Lane (Tidal Flow 7:00am - 9:00am W,drt,All weeks,Spring,2.0,34
Nov,Westbound Right Lane (Tidal Flow 7:00am - 9:00am W,sv,All weeks,Spring,416461.0,34
Nov,Westbound Right Lane (Tidal Flow 7:00am - 9:00am W,svt,All weeks,Spring,1742.0,34
Nov,Westbound Right Lane (Tidal Flow 7:00am - 9:00am W,t4,All weeks,Spring,57.0,34
Nov,Westbound Right Lane (Tidal Flow 7:00am - 9:00am W,tb2,All weeks,Spring,26293.0,34
Nov,Westbound Right Lane (Tidal Flow 7:00am - 9:00am W,tb3,All weeks,Spring,296.0,34
Nov,Westbound Right Lane (Tidal Flow 7:00am - 9:00am W,total_flow,All weeks,Spring,445531.0,34
Nov,Westbound Right Lane (Tidal Flow 7:00am - 9:00am W,trt,All weeks,Spring,1.0,34
Nov,Westbound Right Lane (Tidal Flow 7:00am - 9:00am W,ucv,All weeks,Spring,24.0,34
Oct,All directions,art3,All weeks,Spring,35755.0,43
Oct,All directions,art4,All weeks,Spring,25786.0,43
Oct,All directions,art5,All weeks,Spring,10846.0,43
Oct,All directions,art6,All weeks,Spring,56340.0,43
Oct,All directions,bd,All weeks,Spring,10446.0,43
Oct,All directions,drt,All weeks,Spring,57.0,43
Oct,All directions,sv,All weeks,Spring,18860108.0,43
Oct,All directions,svt,All weeks,Spring,192879.0,43
Oct,All directions,t4,All weeks,Spring,30389.0,43
Oct,All directions,tb2,All weeks,Spring,1390207.0,43
Oct,All directions,tb3,All weeks,Spring,70519.0,43
Oct,All directions,total_flow,All weeks,Spring,20684294.0,43
Oct,All directions,trt,All weeks,Spring,6.0,43
Oct,All directions,ucv,All weeks,Spring,956.0,43
Oct,Eastbound Centre Lane,art3,All weeks,Spring,13010.0,43
Oct,Eastbound Centre Lane,art4,All weeks,Spring,9502.0,43
Oct,Eastbound Centre Lane,art5,All weeks,Spring,4917.0,43
Oct,Eastbound Centre Lane,art6,All weeks,Spring,28596.0,43
Oct,Eastbound Centre Lane,bd,All weeks,Spring,5039.0,43
Oct,Eastbound Centre Lane,drt,All weeks,Spring,15.0,43
Oct,Eastbound Centre Lane,sv,All weeks,Spring,5391555.0,43
Oct,Eastbound Centre Lane,svt,All weeks,Spring,60452.0,43
Oct,Eastbound Centre Lane,t4,All weeks,Spring,13074.0,43
Oct,Eastbound Centre Lane,tb2,All weeks,Spring,435250.0,43
Oct,Eastbound Centre Lane,tb3,All weeks,Spring,29161.0,43
Oct,Eastbound Centre Lane,total_flow,All weeks,Spring,5990624.0,43
Oct,Eastbound Centre Lane,trt,All weeks,Spring,1.0,43
Oct,Eastbound Centre Lane,ucv,All weeks,Spring,52.0,43
Oct,Eastbound Left Lane,art3,All weeks,Spring,1920.0,43
Oct,Eastbound Left Lane,art4,All weeks,Spring,1251.0,43
Oct,Eastbound Left Lane,art5,All weeks,Spring,279.0,43
Oct,Eastbound Left Lane,art6,All weeks,Spring,639.0,43
Oct,Eastbound Left Lane,bd,All weeks,Spring,53.0,43
Oct,Eastbound Left Lane,drt,All weeks,Spring,0.0,43
Oct,Eastbound Left Lane,sv,All weeks,Spring,1478476.0,43
Oct,Eastbound Left Lane,svt,All weeks,Spring,10399.0,43
Oct,Eastbound Left Lane,t4,All weeks,Spring,1155.0,43
Oct,Eastbound Left Lane,tb2,All weeks,Spring,81622.0,43
Oct,Eastbound Left Lane,tb3,All weeks,Spring,2469.0,43
Oct,Eastbound Left Lane,total_flow,All weeks,Spring,1578269.0,43
Oct,Eastbound Left Lane,trt,All weeks,Spring,0.0,43
Oct,Eastbound Left Lane,ucv,All weeks,Spring,6.0,43
Oct,Eastbound Right Lane,art3,All weeks,Spring,2591.0,43
Oct,Eastbound Right Lane,art4,All weeks,Spring,2202.0,43
Oct,Eastbound Right Lane,art5,All weeks,Spring,410.0,43
Oct,Eastbound Right Lane,art6,All weeks,Spring,1802.0,43
Oct,Eastbound Right Lane,bd,All weeks,Spring,301.0,43
Oct,Eastbound Right Lane,drt,All weeks,Spring,0.0,43
Oct,Eastbound Right Lane,sv,All weeks,Spring,2766487.0,43
Oct,Eastbound Right Lane,svt,All weeks,Spring,27187.0,43
Oct,Eastbound Right Lane,t4,All weeks,Spring,1315.0,43
Oct,Eastbound Right Lane,tb2,All weeks,Spring,157927.0,43
Oct,Eastbound Right Lane,tb3,All weeks,Spring,3631.0,43
Oct,Eastbound Right Lane,total_flow,All weeks,Spring,2963872.0,43
Oct,Eastbound Right Lane,trt,All weeks,Spring,0.0,43
Oct,Eastbound Right Lane,ucv,All weeks,Spring,19.0,43
Oct,Westbound Centre Lane,art3,All weeks,Spring,4427.0,43
Oct,Westbound Centre Lane,art4,All weeks,Spring,3031.0,43
Oct,Westbound Centre Lane,art5,All weeks,Spring,944.0,43
Oct,Westbound Centre Lane,art6,All weeks,Spring,1928.0,43
Oct,Westbound Centre Lane,bd,All weeks,Spring,357.0,43
Oct,Westbound Centre Lane,drt,All weeks,Spring,17.0,43
Oct,Westbound Centre Lane,sv,All weeks,Spring,2689749.0,43
Oct,Westbound Centre Lane,svt,All weeks,Spring,26116.0,43
Oct,Westbound Centre Lane,t4,All weeks,Spring,2343.0,43
Oct,Westbound Centre Lane,tb2,All weeks,Spring,181270.0,43
Oct,Westbound Centre Lane,tb3,All weeks,Spring,6018.0,43
Oct,Westbound Centre Lane,total_flow,All weeks,Spring,2916607.0,43
Oct,Westbound Centre Lane,trt,All weeks,Spring,3.0,43
Oct,Westbound Centre Lane,ucv,All weeks,Spring,404.0,43
Oct,Westbound Left Lane,art3,All weeks,Spring,13469.0,43
Oct,Westbound Left Lane,art4,All weeks,Spring,9609.0,43
Oct,Westbound Left Lane,art5,All weeks,Spring,4269.0,43
Oct,Westbound Left Lane,art6,All weeks,Spring,23315.0,43
Oct,Westbound Left Lane,bd,All weeks,Spring,4690.0,43
Oct,Westbound Left Lane,drt,All weeks,Spring,24.0,43
Oct,Westbound Left Lane,sv,All weeks,Spring,6079378.0,43
Oct,Westbound Left Lane,svt,All weeks,Spring,66765.0,43
Oct,Westbound Left Lane,t4,All weeks,Spring,12432.0,43
Oct,Westbound Left Lane,tb2,All weeks,Spring,507618.0,43
Oct,Westbound Left Lane,tb3,All weeks,Spring,28922.0,43
Oct,Westbound Left Lane,total_flow,All weeks,Spring,6750942.0,43
Oct,Westbound Left Lane,trt,All weeks,Spring,1.0,43
Oct,Westbound Left Lane,ucv,All weeks,Spring,450.0,43
Oct,Westbound Right Lane (Tidal Flow 7:00am - 9:00am W,art3,All weeks,Spring,338.0,43
Oct,Westbound Right Lane (Tidal Flow 7:00am - 9:00am W,art4,All weeks,Spring,191.0,43
Oct,Westbound Right Lane (Tidal Flow 7:00am - 9:00am W,art5,All weeks,Spring,27.0,43
Oct,Westbound Right Lane (Tidal Flow 7:00am - 9:00am W,art6,All weeks,Spring,60.0,43
Oct,Westbound Right Lane (Tidal Flow 7:00am - 9:00am W,bd,All weeks,Spring,6.0,43
Oct,Westbound Right Lane (Tidal Flow 7:00am - 9:00am W,drt,All weeks,Spring,1.0,43
Oct,Westbound Right Lane (Tidal Flow 7:00am - 9:00am W,sv,All weeks,Spring,454463.0,43
Oct,Westbound Right Lane (Tidal Flow 7:00am - 9:00am W,svt,All weeks,Spring,1960.0,43
Oct,Westbound Right Lane (Tidal Flow 7:00am - 9:00am W,t4,All weeks,Spring,70.0,43
Oct,Westbound Right Lane (Tidal Flow 7:00am - 9:00am W,tb2,All weeks,Spring,26520.0,43
Oct,Westbound Right Lane (Tidal Flow 7:00am - 9:00am W,tb3,All weeks,Spring,318.0,43
Oct,Westbound Right Lane (Tidal Flow 7:00am - 9:00am W,total_flow,All weeks,Spring,483980.0,43
Oct,Westbound Right Lane (Tidal Flow 7:00am - 9:00am W,trt,All weeks,Spring,1.0,43
Oct,Westbound Right Lane (Tidal Flow 7:00am - 9:00am W,ucv,All weeks,Spring,25.0,43
Sep,All directions,art3,All weeks,Spring,32692.0,41
Sep,All directions,art4,All weeks,Spring,23972.0,41
Sep,All directions,art5,All weeks,Spring,9674.0,41
Sep,All directions,art6,All weeks,Spring,51966.0,41
Sep,All directions,bd,All weeks,Spring,9946.0,41
Sep,All directions,drt,All weeks,Spring,56.0,41
Sep,All directions,sv,All weeks,Spring,17380241.0,41
Sep,All directions,svt,All weeks,Spring,159943.0,41
Sep,All directions,t4,All weeks,Spring,28089.0,41
Sep,All directions,tb2,All weeks,Spring,1352789.0,41
Sep,All directions,tb3,All weeks,Spring,68304.0,41
Sep,All directions,total_flow,All weeks,Spring,19118552.0,41
Sep,All directions,trt,All weeks,Spring,1.0,41
Sep,All directions,ucv,All weeks,Spring,879.0,41
Sep,Eastbound Centre Lane,art3,All weeks,Spring,11958.0,41
Sep,Eastbound Centre Lane,art4,All weeks,Spring,8564.0,41
Sep,Eastbound Centre Lane,art5,All weeks,Spring,4304.0,41
Sep,Eastbound Centre Lane,art6,All weeks,Spring,26082.0,41
Sep,Eastbound Centre Lane,bd,All weeks,Spring,4769.0,41
Sep,Eastbound Centre Lane,drt,All weeks,Spring,12.0,41
Sep,Eastbound Centre Lane,sv,All weeks,Spring,4984946.0,41
Sep,Eastbound Centre Lane,svt,All weeks,Spring,50644.0,41
Sep,Eastbound Centre Lane,t4,All weeks,Spring,12016.0,41
Sep,Eastbound Centre Lane,tb2,All weeks,Spring,409818.0,41
Sep,Eastbound Centre Lane,tb3,All weeks,Spring,27750.0,41
Sep,Eastbound Centre Lane,total_flow,All weeks,Spring,5540897.0,41
Sep,Eastbound Centre Lane,trt,All weeks,Spring,0.0,41
Sep,Eastbound Centre Lane,ucv,All weeks,Spring,34.0,41
Sep,Eastbound Left Lane,art3,All weeks,Spring,1720.0,41
Sep,Eastbound Left Lane,art4,All weeks,Spring,1122.0,41
Sep,Eastbound Left Lane,art5,All weeks,Spring,194.0,41
Sep,Eastbound Left Lane,art6,All weeks,Spring,630.0,41
Sep,Eastbound Left Lane,bd,All weeks,Spring,55.0,41
Sep,Eastbound Left Lane,drt,All weeks,Spring,0.0,41
Sep,Eastbound Left Lane,sv,All weeks,Spring,1375824.0,41
Sep,Eastbound Left Lane,svt,All weeks,Spring,8538.0,41
Sep,Eastbound Left Lane,t4,All weeks,Spring,1222.0,41
Sep,Eastbound Left Lane,tb2,All weeks,Spring,78760.0,41
Sep,Eastbound Left Lane,tb3,All weeks,Spring,2650.0,41
Sep,Eastbound Left Lane,total_flow,All weeks,Spring,1470726.0,41
Sep,Eastbound Left Lane,trt,All weeks,Spring,0.0,41
Sep,Eastbound Left Lane,ucv,All weeks,Spring,11.0,41
Sep,Eastbound Right Lane,art3,All weeks,Spring,2186.0,41
Sep,Eastbound Right Lane,art4,All weeks,Spring,2076.0,41
Sep,Eastbound Right Lane,art5,All weeks,Spring,405.0,41
Sep,Eastbound Right Lane,art6,All weeks,Spring,1856.0,41
Sep,Eastbound Right Lane,bd,All weeks,Spring,292.0,41
Sep,Eastbound Right Lane,drt,All weeks,Spring,0.0,41
Sep,Eastbound Right Lane,sv,All weeks,Spring,2547120.0,41
Sep,Eastbound Right Lane,svt,All weeks,Spring,22793.0,41
Sep,Eastbound Right Lane,t4,All weeks,Spring,1126.0,41
Sep,Eastbound Right Lane,tb2,All weeks,Spring,152888.0,41
Sep,Eastbound Right Lane,tb3,All weeks,Spring,3525.0,41
Sep,Eastbound Right Lane,total_flow,All weeks,Spring,2734292.0,41
Sep,Eastbound Right Lane,trt,All weeks,Spring,0.0,41
Sep,Eastbound Right Lane,ucv,All weeks,Spring,25.0,41
Sep,Westbound Centre Lane,art3,All weeks,Spring,4136.0,41
Sep,Westbound Centre Lane,art4,All weeks,Spring,3021.0,41
Sep,Westbound Centre Lane,art5,All weeks,Spring,775.0,41
Sep,Westbound Centre Lane,art6,All weeks,Spring,1861.0,41
Sep,Westbound Centre Lane,bd,All weeks,Spring,326.0,41
Sep,Westbound Centre Lane,drt,All weeks,Spring,15.0,41
Sep,Westbound Centre Lane,sv,All weeks,Spring,2511064.0,41
Sep,Westbound Centre Lane,svt,All weeks,Spring,21973.0,41
Sep,Westbound Centre Lane,t4,All weeks,Spring,2229.0,41
Sep,Westbound Centre Lane,tb2,All weeks,Spring,185918.0,41
Sep,Westbound Centre Lane,tb3,All weeks,Spring,6073.0,41
Sep,Westbound Centre Lane,total_flow,All weeks,Spring,2737790.0,41
Sep,Westbound Centre Lane,trt,All weeks,Spring,0.0,41
Sep,Westbound Centre Lane,ucv,All weeks,Spring,399.0,41
Sep,Westbound Left Lane,art3,All weeks,Spring,12314.0,41
Sep,Westbound Left Lane,art4,All weeks,Spring,8961.0,41
Sep,Westbound Left Lane,art5,All weeks,Spring,3975.0,41
Sep,Westbound Left Lane,art6,All weeks,Spring,21486.0,41
Sep,Westbound Left Lane,bd,All weeks,Spring,4497.0,41
Sep,Westbound Left Lane,drt,All weeks,Spring,28.0,41
Sep,Westbound Left Lane,sv,All weeks,Spring,5500858.0,41
Sep,Westbound Left Lane,svt,All weeks,Spring,54135.0,41
Sep,Westbound Left Lane,t4,All weeks,Spring,11424.0,41
Sep,Westbound Left Lane,tb2,All weeks,Spring,496374.0,41
Sep,Westbound Left Lane,tb3,All weeks,Spring,27970.0,41
Sep,Westbound Left Lane,total_flow,All weeks,Spring,6142413.0,41
Sep,Westbound Left Lane,trt,All weeks,Spring,1.0,41
Sep,Westbound Left Lane,ucv,All weeks,Spring,390.0,41
Sep,Westbound Right Lane (Tidal Flow 7:00am - 9:00am W,art3,All weeks,Spring,378.0,41
Sep,Westbound Right Lane (Tidal Flow 7:00am - 9:00am W,art4,All weeks,Spring,228.0,41
Sep,Westbound Right Lane (Tidal Flow 7:00am - 9:00am W,art5,All weeks,Spring,21.0,41
Sep,Westbound Right Lane (Tidal Flow 7:00am - 9:00am W,art6,All weeks,Spring,51.0,41
Sep,Westbound Right Lane (Tidal Flow 7:00am - 9:00am W,bd,All weeks,Spring,7.0,41
Sep,Westbound Right Lane (Tidal Flow 7:00am - 9:00am W,drt,All weeks,Spring,1.0,41
Sep,Westbound Right Lane (Tidal Flow 7:00am - 9:00am W,sv,All weeks,Spring,460429.0,41
Sep,Westbound Right Lane (Tidal Flow 7:00am - 9:00am W,svt,All weeks,Spring,1860.0,41
Sep,Westbound Right Lane (Tidal Flow 7:00am - 9:00am W,t4,All weeks,Spring,72.0,41
Sep,Westbound Right Lane (Tidal Flow 7:00am - 9:00am W,tb2,All weeks,Spring,29031.0,41
Sep,Westbound Right Lane (Tidal Flow 7:00am - 9:00am W,tb3,All weeks,Spring,336.0,41
Sep,Westbound Right Lane (Tidal Flow 7:00am - 9:00am W,total_flow,All weeks,Spring,492434.0,41
Sep,Westbound Right Lane (Tidal Flow 7:00am - 9:00am W,trt,All weeks,Spring,0.0,41
Sep,Westbound Right Lane (Tidal Flow 7:00am - 9:00am W,ucv,All weeks,Spring,20.0,41
